iter,rmse,ae,pearson_r,r2,best_bo,best_pool_min,l,sigma2,noise,lml,gp_converged,gp_fit_iterations,gp_stable,gp_stability_issues,batch_size,memory_gb
1,6.033704370047105,4.756025722327697,0.07094098441950203,-0.5030406453975707,-9.2739,-41.8341,"[0.3558881184703614, 0.32734534421178535, 0.48754399091860123, 0.20118261925641698]",1.1795825981298704,0.013985714952043567,0.335245450656708,True,249,True,,1,0.8738479614257812
2,6.206402744548844,4.9131559894200825,0.07824374479484314,-0.5805012456994485,-16.3705,-41.8341,"[0.37374389577920425, 0.37872144909425853, 0.5443217406128583, 0.205067252001357]",1.0610708487442468,0.0005336039800773387,1.967517196092264,True,320,True,,1,0.8808784484863281
3,6.059445895292635,4.782758631941471,0.056844813199005466,-0.5370624590439022,-16.3705,-41.8341,"[0.35213994633631207, 0.364254359288556, 0.515826630518702, 0.1368955035108681]",1.0893086935663747,0.0006342862041480227,1.90092245659496,True,316,True,,1,0.8988685607910156
4,5.225394785203372,4.084627251044314,0.04396711366750668,-0.16875446512124603,-16.3705,-41.8341,"[0.32992946200723733, 0.32697617819978503, 0.3485677690674618, 0.21006082524788255]",0.5549964282312393,0.7100831532508697,-1.5949568996934116,True,231,True,,1,0.8988685607910156
5,5.289633812018174,4.13399773150305,0.11238245726516821,-0.12281614070438995,-23.5964,-41.8341,"[0.3371067309338552, 0.320567227972091, 0.37473554989183105, 0.21330886112293418]",0.6360756584036759,0.6139704297315195,-1.472536990917648,True,225,True,,1,0.9162216186523438
6,5.293981749333801,4.13769289535357,0.11465700176889534,-0.12199770477658922,-23.5964,-41.8341,"[0.3380653076554152, 0.32199490192268615, 0.37841763015945246, 0.21732184766493667]",0.6198826791089107,0.5984714606192476,-1.438293382339707,True,218,True,,1,0.9337921142578125
7,5.256147059406417,4.107325562855651,0.11747179413566032,-0.10808120691605438,-23.5964,-41.8341,"[0.34026004260719694, 0.3314596057911989, 0.3804076832039306, 0.22086978065745877]",0.5716383063168331,0.6212069312648975,-1.4467914789954628,True,229,True,,1,0.9358291625976562
8,5.249801181141259,4.102128964238546,0.12276458830847217,-0.09999229622379602,-23.5964,-41.8341,"[0.34184687468330016, 0.33328992719311423, 0.38714948573877817, 0.21880280681935121]",0.5584729408967134,0.6248160470950302,-1.4349199951428726,True,223,True,,1,0.9535675048828125
9,5.189942761114178,4.050103237172888,0.13637135234961173,-0.06656765157009925,-23.5964,-41.8341,"[0.3437493155704948, 0.3282757946750358, 0.396572092364545, 0.22889033979668771]",0.5245532280459848,0.6515054540111485,-1.444736513871964,True,225,True,,1,0.9712753295898438
10,5.125688127653965,3.993799449538786,0.1614435573066318,-0.024456208422284353,-23.5964,-41.8341,"[0.3467472937021082, 0.33200824714482524, 0.3909823989861117, 0.23141004623866912]",0.4838628682920402,0.6931180762563613,-1.4685699458649581,True,204,True,,1,0.9713630676269531
11,5.113066615526798,3.983010951951614,0.1602407266604666,-0.022404901986752934,-23.5964,-41.8341,"[0.3457329391953452, 0.3309000609771828, 0.39280176140398765, 0.2284988038280136]",0.4708839860556412,0.6954554718552441,-1.457896916948193,True,212,True,,1,0.9714889526367188
12,5.102703685180414,3.9741196561062666,0.15934736919186349,-0.020363031771432505,-23.5964,-41.8341,"[0.34964189280906116, 0.3317852777771677, 0.3923876305769874, 0.2240169727503641]",0.45439117981612837,0.7026914163031543,-1.450940392032203,True,208,True,,1,0.9711647033691406
13,5.061371772869428,3.9364501077318748,0.17553148958476547,0.0019004163768706617,-23.5964,-41.8341,"[0.34560806719380244, 0.32634121862548704, 0.39180028935054056, 0.23653390577079206]",0.4468493489924016,0.7226226184465331,-1.4549933951449618,True,204,True,,1,0.9713096618652344
14,5.181602065507256,4.042153126028521,0.17544873078139112,-0.030103441751120563,-23.5964,-41.8341,"[0.3786492113495812, 0.33324271853840437, 0.41374652500241155, 0.22491698959379164]",0.4784093775972297,0.6706927678645622,-1.404233101940668,True,197,True,,1,0.9710159301757812
15,5.157223984414455,4.021014648844571,0.17228753023871207,-0.02637450687143983,-23.5964,-41.8341,"[0.37129239223222144, 0.3266441434958566, 0.4110746610483801, 0.22935262167723866]",0.4625520165455737,0.6823026397657733,-1.404797464203728,True,201,True,,1,0.9709358215332031
16,5.196387579027387,4.058480651516936,0.17782583053516887,-0.03823784220720916,-23.5964,-41.8341,"[0.3682100242252598, 0.34214045997021075, 0.3833351110822384, 0.22039090189544933]",0.45705828283202043,0.6824735330158743,-1.3944376782419228,True,207,True,,1,0.9881210327148438
17,5.108573311104712,3.9829376586275407,0.15860678758176544,-0.03509927451917094,-23.5964,-41.8341,"[0.35555805946394314, 0.33846055847505957, 0.37489255924716947, 0.17200018046244145]",0.39827223914789084,0.7470358718906438,-1.4441076722238861,True,201,True,,1,1.0053367614746094
18,5.144723143713025,4.014496330993671,0.16199206203540792,-0.041637331794274646,-23.5964,-41.8341,"[0.3693478965173148, 0.36012191648694813, 0.38383673559732817, 0.16097672477832395]",0.3968782416619494,0.7434505482023954,-1.4373188115497775,True,210,True,,1,1.0226593017578125
19,5.084583192907628,3.9626553794703607,0.17752992431348427,-0.01533019278638803,-23.5964,-41.8341,"[0.3553007358500897, 0.3623092551878316, 0.3872098180997392, 0.18178722640847433]",0.3606571995946019,0.7749614244173317,-1.4553042614726104,True,183,True,,1,1.0399017333984375
20,5.286227047536055,4.137739348666912,0.15975458889666888,-0.08901555181630694,-23.5964,-41.8341,"[0.36883715901114195, 0.36446813727118577, 0.3902577699207278, 0.14183826718964304]",0.4602528209153607,0.6687268204104916,-1.360365348899863,True,208,True,,1,1.0570335388183594
21,5.422524612903612,4.257444622811651,0.1573735856763514,-0.1402612205806244,-23.5964,-41.8341,"[0.37712251091884674, 0.36082676192061525, 0.39347410184820525, 0.13872509485971676]",0.47192890114656905,0.6543323621267254,-1.3447234318493118,True,227,True,,1,1.0574150085449219
22,5.3997222906913365,4.237328766684189,0.15809933279051586,-0.1317956875257169,-23.5964,-41.8341,"[0.37866811052423116, 0.3622225749980197, 0.3918325716926649, 0.14243090782964968]",0.46612835227615745,0.6646665931070816,-1.3464013997198978,True,222,True,,1,1.0043716430664062
23,5.404450931164146,4.24147287013026,0.15836208954011818,-0.13355728287766122,-23.5964,-41.8341,"[0.3787879395645579, 0.3640185800190302, 0.3995283299632746, 0.14208846026733418]",0.46429012333394226,0.6637973379160401,-1.3404993871668227,True,204,True,,1,1.0045852661132812
24,5.383253744938949,4.222506101765718,0.15779788058928845,-0.12577228843332366,-23.5964,-41.8341,"[0.38361302726939905, 0.3628045733747392, 0.3927047729770487, 0.13654427169339983]",0.45283257552127354,0.6661240802626225,-1.3384635843062993,True,222,True,,1,1.0045852661132812
25,5.371900988697504,4.212574920028562,0.15799342367607683,-0.12162866673530726,-23.5964,-41.8341,"[0.3858795051056956, 0.36324145934009117, 0.3966565667352083, 0.13645661214976193]",0.439654827920496,0.6672293791426521,-1.3346277070600496,True,212,True,,1,1.0272064208984375
26,5.371498908602953,4.212184625122096,0.15874609514754218,-0.12284128195433497,-23.5964,-41.8341,"[0.3762753525610387, 0.3601107472288884, 0.39741488998723357, 0.1433926400986114]",0.4347661158074584,0.6622514017785702,-1.3260310992045434,True,211,True,,1,1.0519485473632812
27,5.3498492474068495,4.193252951051597,0.1597107408713936,-0.11399862785457482,-23.5964,-41.8341,"[0.37467769740718126, 0.36352231592807327, 0.4026322292661694, 0.144393446212877]",0.42588727346178,0.6671493288334717,-1.3265006184590742,True,198,True,,1,1.075408935546875
28,5.487342479596438,4.3136935436321115,0.15425719138836622,-0.1685295909340132,-23.5964,-41.8341,"[0.3835850237537984, 0.3601866733148118, 0.3957937135212345, 0.13417092650693951]",0.480122971325172,0.6003063852096373,-1.2613756770970281,True,212,True,,1,1.0998153686523438
29,5.490352807414505,4.3162232026063645,0.15248550147774753,-0.1710545882943315,-23.5964,-41.8341,"[0.38108529175181866, 0.3619069590674565, 0.40213383996145313, 0.13061360855856174]",0.47918196056834134,0.599794878972262,-1.2575669529595355,True,211,True,,1,1.1245651245117188
30,5.526481028724705,4.348229483305785,0.15324317016004296,-0.18476584593007983,-23.5964,-41.8341,"[0.40019170372583673, 0.3655417930377114, 0.4052338624196304, 0.1326301910337513]",0.4791557463747874,0.5885391579162521,-1.244209150972827,True,223,True,,1,1.1491241455078125
31,5.422303550576849,4.255867306214178,0.1486079867252051,-0.1577105936137464,-23.5964,-41.8341,"[0.37673304942860697, 0.33455715093688015, 0.38764460026263176, 0.14227248250377983]",0.4681229811607389,0.6029886409444948,-1.2495997819720261,True,209,True,,1,1.1525421142578125
32,5.039645244629684,3.920081361415484,0.2221386641955827,0.025814781164579137,-23.5964,-41.8341,"[0.3062736593270075, 0.3235826594901528, 0.39176928887496654, 0.30517385357806015]",0.36928220647949644,0.7285741534488211,-1.3545363439308467,True,199,True,,1,1.1531829833984375
33,5.043632471008195,3.9248246039882586,0.20889358332332603,0.012394181545484773,-23.5964,-41.8341,"[0.3324282079059593, 0.3279893360497121, 0.3887169295118734, 0.2681465586630211]",0.3447832877194471,0.7425247830481421,-1.3649072136314546,True,200,True,,1,1.1533966064453125
34,5.23049389594124,4.08880161192834,0.16315789423293942,-0.07703986366115911,-23.5964,-41.8341,"[0.3319922216172619, 0.32431610843789427, 0.39267924264634985, 0.14667958039490545]",0.4148953118379976,0.6675335327198636,-1.2985592570128552,True,205,True,,1,1.1536102294921875
35,5.239098843467996,4.096507259873992,0.16847824069702932,-0.07907678548658836,-23.5964,-41.8341,"[0.33997803501508156, 0.32208178081050276, 0.40031265039635056, 0.15050263713142148]",0.4132141898541086,0.6723005938383928,-1.2984220653272294,True,192,True,,1,1.1536102294921875
36,5.288654643900977,4.139381624612957,0.1645110904175011,-0.09839778622845419,-23.5964,-41.8341,"[0.33987514932180257, 0.31656727151996356, 0.3963881980045023, 0.14380045012173573]",0.43089447152218224,0.6360613893812067,-1.2661937126072218,True,193,True,,1,1.1536102294921875
37,5.2238877553338,4.0836032152120785,0.16897931717259865,-0.07558133584463156,-23.5964,-41.8341,"[0.3671037527027352, 0.30243645263947394, 0.3804626629548989, 0.17041151661087978]",0.37550643758513713,0.6832842227592285,-1.3060552412235578,True,198,True,,1,1.1540374755859375
38,5.03257759239483,3.9168365212224288,0.20410438591715047,0.00439274881297258,-23.5964,-41.8341,"[0.4040002375851614, 0.29463867681115147, 0.38383927968931336, 0.2924525882006268]",0.30011476181071833,0.781233125025066,-1.3873042887682867,True,190,True,,1,1.1738967895507812
39,5.029484524243891,3.9135320955843995,0.20968055248041295,0.010858963914327058,-23.5964,-41.8341,"[0.4231233171502956, 0.28873393653318125, 0.3962995110945447, 0.32881181752020916]",0.31328291711439693,0.779819227966386,-1.3837978467674699,True,188,True,,1,1.2112884521484375
40,5.080560989379907,3.9568289146736113,0.20589992349447866,-0.0021496250708046283,-23.5964,-41.8341,"[0.44511160913200987, 0.260876899913238, 0.41034403760925664, 0.3285870980068029]",0.35887621440676576,0.734883779517582,-1.3463688862723924,True,179,True,,1,1.2471084594726562
41,5.102347256247029,3.975490930857359,0.20360648663046557,-0.009497289237915929,-23.5964,-41.8341,"[0.4554193586112101, 0.25463559569475985, 0.4123396952451175, 0.3183210774633735]",0.37245865660111943,0.7136885967761809,-1.3280790803272664,True,193,True,,1,1.2471084594726562
42,5.10693359729208,3.979514253925724,0.20232877081245226,-0.012061114690601338,-23.5964,-41.8341,"[0.4567404866131306, 0.2505608517662599, 0.40799611253787615, 0.313174028505305]",0.3752881035798014,0.7125430064569803,-1.323676700736204,True,192,True,,1,1.2473220825195312
43,5.047152439596533,3.928369108310757,0.20059977564529938,0.003723364969434262,-23.5964,-41.8341,"[0.44388110311854506, 0.21941119097179387, 0.3761792687822469, 0.2961932416820119]",0.35075827744581245,0.7258202021306053,-1.330567109929495,True,203,True,,1,1.2473220825195312
44,5.415652880224783,4.246517360461663,0.13197781833080144,-0.16687596220945355,-23.5964,-41.8341,"[0.43368174953056676, 0.16342943153133238, 0.36138175001921524, 0.09590372907736461]",0.5141802749595674,0.5364891972886847,-1.1555798262592318,True,231,True,,1,1.2473220825195312
45,5.439351737622147,4.266605144411427,0.13022742773793558,-0.1770172073918781,-23.5964,-41.8341,"[0.429854986129407, 0.15899723840750282, 0.3621343034194779, 0.09397984880188472]",0.5262253343928824,0.513372704664293,-1.1323358040894815,True,209,True,,1,1.2475357055664062
46,5.416178813101144,4.2466499683461025,0.13263610490746897,-0.1671814724416354,-23.5964,-41.8341,"[0.42653253866766183, 0.1580946510139586, 0.3369241467836165, 0.1012809022271681]",0.5205636954244213,0.5223070437113286,-1.1380977598864133,True,210,True,,1,1.2479629516601562
47,5.409465924248835,4.240960205238302,0.1330490105217963,-0.16437240810936138,-23.5964,-41.8341,"[0.4328628382771462, 0.15884974073086688, 0.34156888341071373, 0.10031534850511267]",0.5122297033089117,0.524414594787528,-1.1390035082128398,True,219,True,,1,1.2479629516601562
48,5.1476293399460475,4.010599465777727,0.14189345255798352,-0.059889196562991964,-23.5964,-41.8341,"[0.4241513025287734, 0.07972796565281441, 0.33879190768358136, 0.16098693937760922]",0.49722873121681677,0.5491818563255251,-1.1682314900726205,True,226,True,,1,1.2592849731445312
49,5.152489726341841,4.0151788016707926,0.14182831063709886,-0.0626173689513152,-23.5964,-41.8341,"[0.4250651779348761, 0.08536390370932598, 0.33843210076817376, 0.1597148470863946]",0.4886617575003184,0.5546211991636776,-1.1710112190472948,True,183,True,,1,1.3004875183105469
50,5.18210191003976,4.041289767221677,0.13970058009575412,-0.07596636061009931,-23.5964,-41.8341,"[0.42586119298897934, 0.08829193996460186, 0.341731577303013, 0.15090911958057698]",0.487891314637492,0.5467612437400413,-1.1614329770843501,True,192,True,,1,1.3540382385253906
51,5.185737914443519,4.044977190717569,0.14008044789874433,-0.07797660930533512,-23.5964,-41.8341,"[0.4280608021053681, 0.09522846624583843, 0.3434328545216946, 0.15030621393128848]",0.4780881224499298,0.557852604383786,-1.169029022574751,True,189,True,,1,1.3540382385253906
52,5.14317005866493,4.007044914230185,0.18977428986805156,-0.01092646466288838,-23.5964,-41.8341,"[0.4421572852901412, 0.07634647450590465, 0.3208283425216732, 0.3033596404414715]",0.46527264983348654,0.5824184154908962,-1.1949356221959049,True,213,True,,1,1.3540382385253906
53,5.166099060080673,4.02629208963178,0.18997392220789572,-0.014986938113568549,-23.5964,-41.8341,"[0.4463434888837403, 0.07459916351921089, 0.32067702634008116, 0.31180204477561996]",0.478567244030106,0.5704481707786487,-1.1823221357143074,True,219,True,,1,1.3540382385253906
54,5.168542072910344,4.0286815206000375,0.1875626068030286,-0.018049484082989897,-23.5964,-41.8341,"[0.45056705146347453, 0.07587953346482701, 0.3250961446370781, 0.30676236781608746]",0.47785058715521367,0.5717975743182261,-1.1816484854714475,True,216,True,,1,1.3540382385253906
55,5.1658198360944425,4.026270214613437,0.18816447488780985,-0.016633660927707128,-23.5964,-41.8341,"[0.4564660971218504, 0.07609709589721678, 0.3255381344487406, 0.31603535525645154]",0.47694047931308364,0.5743775272974513,-1.1826423864683075,True,222,True,,1,1.3540382385253906
56,5.165664452527422,4.026367065632667,0.18884149563000735,-0.01637539022041201,-23.5964,-41.8341,"[0.45678757019645655, 0.07671606874149281, 0.32996677669540053, 0.31572727802192635]",0.47198036017674516,0.5751974868955774,-1.1819724259045739,True,216,True,,1,1.3540382385253906
57,5.344214386610109,4.184433418708404,0.1545358435200408,-0.10441061369797855,-23.5964,-41.8341,"[0.4109101924076776, 0.0934879206285512, 0.3292233909761673, 0.15523482949260037]",0.5204699936469657,0.5234043222456917,-1.1192996058363271,True,228,True,,1,1.3540382385253906
58,5.2501304842798335,4.101943048417704,0.1539955610694957,-0.07867577332176001,-23.5964,-41.8341,"[0.4194428998149995, 0.09184042184751558, 0.3296789297845441, 0.16325817714626253]",0.4998734811793945,0.5433364597052782,-1.1401352224031633,True,199,True,,1,1.3540382385253906
59,5.201955657805121,4.059805088001683,0.14992317138652345,-0.06544086004526095,-23.5964,-41.8341,"[0.41435606920189094, 0.08471112085596098, 0.3097854482928941, 0.15681802688220242]",0.4898597816427004,0.5442245783011077,-1.1391947364433814,True,222,True,,1,1.3542518615722656
60,5.218017926093582,4.073014062968261,0.14412480640523284,-0.07518947761496908,-23.5964,-41.8341,"[0.421279014409366, 0.0836662771860327, 0.3198406624675733, 0.14670912864098]",0.5055739614858755,0.531417266924348,-1.1251822403763174,True,224,True,,1,1.3972549438476562
61,5.2473988304259995,4.097618206015871,0.13856782321613598,-0.0887057908643385,-23.5964,-41.8341,"[0.4295522226503798, 0.07933689834758952, 0.35299343100044106, 0.13754679093552283]",0.5234180960801187,0.5121674802381815,-1.1050338557321693,True,218,True,,1,1.3972549438476562
62,5.265595298635584,4.11261550423435,0.13656936467417014,-0.09659890905459378,-23.5964,-41.8341,"[0.43875619315635306, 0.07686600746070367, 0.362096373021401, 0.13586819730790578]",0.5370521055815891,0.4925805371299629,-1.0842573086139986,True,227,True,,1,1.3972549438476562
63,5.247014192442341,4.095862728680276,0.13090390390109088,-0.09426195568968021,-23.5964,-41.8341,"[0.4348330246322408, 0.07498566112225623, 0.36783862754358826, 0.12148129288814427]",0.533098994917098,0.49080222441949006,-1.0814260571076,True,225,True,,1,1.3972549438476562
64,5.228780216625223,4.079491000540747,0.12790234089334956,-0.08992249233748995,-23.5964,-41.8341,"[0.44015935447072896, 0.07210980567349617, 0.36589292550748004, 0.1212785176007676]",0.5304076486211765,0.4895917683183815,-1.0799389227704217,True,245,True,,1,1.3972549438476562
65,5.230071453562302,4.08080775837433,0.12980084132368222,-0.08895540627675169,-23.5964,-41.8341,"[0.4435521554801495, 0.07201058731689254, 0.3676937322524471, 0.12154643857221423]",0.5277777368026075,0.49167903430693655,-1.0802238892612515,True,227,True,,1,1.3972549438476562
66,5.2885019031241995,4.133227220098919,0.11806391104360608,-0.1212273296898505,-23.5964,-41.8341,"[0.45254200560210767, 0.07517576340535471, 0.3674703453668279, 0.12860501737116384]",0.5267383446895767,0.4915601679023818,-1.0770921608298514,True,229,True,,1,1.3972549438476562
67,5.292187398629334,4.1364377036450275,0.11699739381535151,-0.12345798949902109,-23.5964,-41.8341,"[0.4495133716959484, 0.07609465827989967, 0.3764265935154219, 0.12359202023623966]",0.5256270494046622,0.48839517237231805,-1.0734508042028614,True,207,True,,1,1.3972549438476562
68,5.323553390352289,4.162852209752175,0.1013574868074357,-0.1485497023906195,-23.5964,-41.8341,"[0.4982312625267911, 0.07470574684901743, 0.43292553462939637, 0.1071737302077113]",0.5511135828066542,0.466731149619716,-1.0511345582712301,True,240,True,,1,1.3972549438476562
69,5.332156621569872,4.170581611922524,0.0962316789059594,-0.15604049095073025,-23.5964,-41.8341,"[0.5020852684743434, 0.07641962974133173, 0.4515164899252079, 0.10237426074659725]",0.5527051276262659,0.46456240399641013,-1.0480111200400928,True,232,True,,1,1.4233283996582031
70,5.328591573460553,4.167633564584413,0.09814263635736076,-0.15301039451922782,-23.5964,-41.8341,"[0.49781399571559337, 0.07722286115714765, 0.44729606294457047, 0.1059706478065092]",0.5501559660855175,0.4722289111423297,-1.0549580130288982,True,249,True,,1,1.4770965576171875
71,5.331234132993243,4.170003963900301,0.09846574480952043,-0.15383188768462386,-23.5964,-41.8341,"[0.5056707916669421, 0.07707861781784049, 0.4496382000881348, 0.10582883535147064]",0.5467524440641862,0.46984442132347365,-1.0523676575563006,True,245,True,,1,1.4770965576171875
72,5.292666467203027,4.138577622956072,0.10379711031992309,-0.1344888744801791,-23.5964,-41.8341,"[0.48967311775771594, 0.08853197183419369, 0.42766193939003583, 0.11497412306276461]",0.5058765258753215,0.5189727386878504,-1.1037851386785418,True,218,True,,1,1.4770965576171875
73,5.253879442074867,4.103911084225735,0.10673802804453254,-0.11683222330201337,-23.5964,-41.8341,"[0.48948460661366955, 0.08565481547174184, 0.41574229604096435, 0.11431994479632457]",0.4987722014964069,0.5195246031358806,-1.1038807894883107,True,205,True,,1,1.4770965576171875
74,5.259610628527998,4.1083872667945815,0.10666470230641957,-0.11887883435116242,-23.5964,-41.8341,"[0.4893329885721156, 0.08272425551937852, 0.41349856916298056, 0.12085490963865277]",0.5083907461342256,0.508893967670543,-1.0920657823303244,True,240,True,,1,1.4770965576171875
75,5.277425918729222,4.125147085649724,0.11148846571793097,-0.12143162310028188,-23.5964,-41.8341,"[0.48605949081425326, 0.10098803288882252, 0.4015171733148902, 0.11610703634352715]",0.4987666153558634,0.5273478315639679,-1.1089427690978713,True,204,True,,1,1.4770965576171875
76,5.2822848894251875,4.129430208215199,0.11446585500570462,-0.12081352904818576,-23.5964,-41.8341,"[0.48656902009408065, 0.09895014865317826, 0.40352766306862947, 0.12141523960402467]",0.5018309803701453,0.525077862813255,-1.1045682281892666,True,208,True,,1,1.4773101806640625
77,5.206115064828527,4.061611816854719,0.10455283965404766,-0.09910757139516524,-23.5964,-41.8341,"[0.47979998749783914, 0.09498225586713216, 0.3763526519708324, 0.13213344227322996]",0.4933354344678056,0.534780999061014,-1.112857552838087,True,203,True,,1,1.4773101806640625
78,5.218015018059037,4.07181138506093,0.10523891952190415,-0.10217140299427885,-23.5964,-41.8341,"[0.48312751389967834, 0.09280117683488395, 0.3832969395549625, 0.1360526942745879]",0.5034844476444147,0.531499262526185,-1.1074976389682916,True,215,True,,1,1.4773101806640625
79,5.22362493380291,4.076566683233098,0.10493588388739179,-0.10455292770107216,-23.5964,-41.8341,"[0.4872669496460684, 0.09278747790191433, 0.3876690350626626, 0.13410424341779742]",0.5076745204064668,0.5267345104272859,-1.1027991234529972,True,222,True,,1,1.4967994689941406
80,5.23146295030871,4.083075034570661,0.10357435531759009,-0.10860528290625115,-23.5964,-41.8341,"[0.48764604290983404, 0.09153016137111841, 0.3884299153960768, 0.1317011193121217]",0.5124373724891981,0.5156757010616464,-1.0914820800742757,True,215,True,,1,1.5653343200683594
81,5.205702047557052,4.061358367817716,0.11294563599056975,-0.09179631685151546,-23.5964,-41.8341,"[0.4735189834499769, 0.09108201600024236, 0.3611034774187095, 0.14277685220935316]",0.49845456272233807,0.5303620315402947,-1.1049968018979024,True,212,True,,1,1.5653343200683594
82,5.160536443430222,4.022307888464864,0.12545283025592197,-0.06553251539524263,-23.5964,-41.8341,"[0.454251009771717, 0.09472458455360472, 0.30458565588984116, 0.14879702608958384]",0.47424788273630325,0.5566373641345952,-1.1283716895166713,True,196,True,,1,1.5653343200683594
83,5.156565072667479,4.0187924869215585,0.12712837193527465,-0.06282809334235373,-23.5964,-41.8341,"[0.4525622157341627, 0.0938747206385839, 0.29814641740699516, 0.15306835360548116]",0.4780042491264423,0.5559600985619891,-1.1264634139358836,True,192,True,,1,1.5653343200683594
84,5.159424833383814,4.021295531711348,0.12687984378222716,-0.06403390980585622,-23.5964,-41.8341,"[0.46142993836660595, 0.09391332445883484, 0.3007390957226405, 0.1513509269438454]",0.4771875085539232,0.5535338597737568,-1.1236766634771662,True,202,True,,1,1.5659751892089844
85,5.1619637160309555,4.02347935992886,0.13056637773410915,-0.06150250497324827,-23.5964,-41.8341,"[0.45347794545849296, 0.09796478024260379, 0.29039541312383166, 0.1573140334287079]",0.472055972121499,0.5562296372199682,-1.1257768991153083,True,214,True,,1,1.5659751892089844
86,5.148948375773356,4.012093457952918,0.1278252934821545,-0.05918060954671445,-23.5964,-41.8341,"[0.4498614111306475, 0.09885769269589635, 0.2884701693699472, 0.15648785727704012]",0.4653090879101058,0.5587410461043868,-1.1279322950842225,True,204,True,,1,1.5659751892089844
87,5.1518398858941845,4.014525868284712,0.12693832055092427,-0.060842266208660734,-23.5964,-41.8341,"[0.449315666738859, 0.09792557009859015, 0.2825010410464399, 0.15345109174049068]",0.46674198502769904,0.556265252526081,-1.1246159487280198,True,207,True,,1,1.5659751892089844
88,5.341648042763402,4.174455710446165,0.07463224113328347,-0.17521954841480492,-23.5964,-41.8341,"[0.5056446817754592, 0.3322906482789582, 0.15645648174766041, 0.02652005437523214]",0.61352727932805,0.35718542943810455,-0.8859617218070176,True,238,True,,1,1.5659751892089844
89,5.20956534448137,4.065172635668722,0.12069576898009404,-0.0863216216747531,-23.5964,-41.8341,"[0.47446827562198657, 0.10964439395321002, 0.3021164901896196, 0.13996918885776477]",0.47557999203613943,0.5532894742398832,-1.120895573069452,True,224,True,,1,1.6015663146972656
90,5.202746975462114,4.05919371844053,0.12043206698803491,-0.0840492003783655,-23.5964,-41.8341,"[0.47016205778076176, 0.10935464077739832, 0.3031844371978749, 0.14288383322453038]",0.47429594601586017,0.5554101409887178,-1.1217776385457676,True,207,True,,1,1.6558494567871094
91,5.1543245375144195,4.016593100150261,0.1151668918416388,-0.0742163622687404,-23.5964,-41.8341,"[0.4665792574216171, 0.0949871979080219, 0.30651711152566974, 0.146088338006428]",0.48932341559917647,0.5409740533643714,-1.1067779185446651,True,202,True,,1,1.6558494567871094
92,5.162423033922072,4.023703049972343,0.11659749238114236,-0.07620978933300293,-23.5964,-41.8341,"[0.4755374513330109, 0.09556849473319888, 0.30799314195610433, 0.14436295719679879]",0.48722458793652257,0.5400486054854855,-1.1052149404924223,True,204,True,,1,1.6558494567871094
93,5.151754030261517,4.0147299502241465,0.11851572901235524,-0.07119498307399108,-23.5964,-41.8341,"[0.48438541227136944, 0.0923406472431911, 0.31259269298945797, 0.15132083128255094]",0.48739795651779794,0.5428834563167995,-1.1081185399007725,True,219,True,,1,1.6558494567871094
94,5.1593287359611635,4.020906917804799,0.11531150751314731,-0.07611232670790047,-23.5964,-41.8341,"[0.4733743863977774, 0.09068125721964904, 0.3096809094667541, 0.1438890669992983]",0.49023861106712807,0.533070000697211,-1.0982368576965553,True,202,True,,1,1.6558494567871094
95,5.17203731019571,4.031462163690863,0.10870996273724778,-0.0855005247076086,-23.5964,-41.8341,"[0.4903896358043749, 0.08830392293262067, 0.31654776902085263, 0.13077475495093188]",0.5029684293851704,0.519591773821074,-1.0833303702045007,True,217,True,,1,1.6569175720214844
96,5.1545886991955365,4.016290458943648,0.11195343437356964,-0.07673310483372675,-23.5964,-41.8341,"[0.48685327123788147, 0.08623919147069838, 0.31745637296431495, 0.12559457781140834]",0.4938458980181093,0.5196201137226664,-1.0836251247759023,True,216,True,,1,1.6601219177246094
97,5.143391652085591,4.006695881788654,0.1129631501601015,-0.07198825443226675,-23.5964,-41.8341,"[0.4755185612379538, 0.0858760984392028, 0.31641852243609364, 0.12390501486270239]",0.4831968079147886,0.5245761331835256,-1.0876758066633512,True,217,True,,1,1.6603355407714844
98,5.1330319204537656,3.997550658749531,0.11508642691646151,-0.06671034320586045,-23.5964,-41.8341,"[0.47595871186344046, 0.08374423793781274, 0.325267251906188, 0.12127760559501714]",0.48284216463051954,0.5246385905242048,-1.0871863702067237,True,235,True,,1,1.6607627868652344
99,5.1217074054613105,3.988327251700691,0.12516743399687671,-0.0560499341017362,-23.5964,-41.8341,"[0.4612969888544656, 0.0825260683149273, 0.3225845124189871, 0.13699779894574007]",0.4734007401512723,0.5358413927124932,-1.0983487198048905,True,210,True,,1,1.6761322021484375
100,5.1252973766224015,3.991360427681494,0.12344469753700404,-0.05865961851057899,-23.5964,-41.8341,"[0.46064341257515845, 0.08139926746731702, 0.32863431325063985, 0.13435486594264184]",0.47830103213589015,0.531385307462549,-1.0933555675908766,True,214,True,,1,1.736297607421875
