iter,best_random,best_pool_min
1,-10.3504,-41.8341
2,-10.3504,-41.8341
3,-10.3504,-41.8341
4,-15.330400000000001,-41.8341
5,-15.330400000000001,-41.8341
6,-15.330400000000001,-41.8341
7,-15.330400000000001,-41.8341
8,-15.330400000000001,-41.8341
9,-15.330400000000001,-41.8341
10,-15.330400000000001,-41.8341
11,-15.330400000000001,-41.8341
12,-15.330400000000001,-41.8341
13,-15.330400000000001,-41.8341
14,-15.330400000000001,-41.8341
15,-15.330400000000001,-41.8341
16,-15.330400000000001,-41.8341
17,-15.330400000000001,-41.8341
18,-15.330400000000001,-41.8341
19,-15.330400000000001,-41.8341
20,-15.330400000000001,-41.8341
21,-15.330400000000001,-41.8341
22,-15.330400000000001,-41.8341
23,-16.5032,-41.8341
24,-16.5032,-41.8341
25,-16.5032,-41.8341
26,-16.5032,-41.8341
27,-16.5032,-41.8341
28,-16.5032,-41.8341
29,-16.5032,-41.8341
30,-16.5032,-41.8341
31,-16.5032,-41.8341
32,-16.5032,-41.8341
33,-16.5032,-41.8341
34,-16.5032,-41.8341
35,-16.5032,-41.8341
36,-16.5032,-41.8341
37,-16.5032,-41.8341
38,-16.5032,-41.8341
39,-16.5032,-41.8341
40,-18.1674,-41.8341
41,-18.1674,-41.8341
42,-18.1674,-41.8341
43,-18.1674,-41.8341
44,-18.1674,-41.8341
45,-18.1674,-41.8341
46,-18.1674,-41.8341
47,-18.1674,-41.8341
48,-18.1674,-41.8341
49,-18.1674,-41.8341
50,-18.1674,-41.8341
51,-18.1674,-41.8341
52,-18.1674,-41.8341
53,-18.1674,-41.8341
54,-18.1674,-41.8341
55,-18.1674,-41.8341
56,-18.1674,-41.8341
57,-18.1674,-41.8341
58,-18.1674,-41.8341
59,-18.1674,-41.8341
60,-18.1674,-41.8341
61,-18.1674,-41.8341
62,-18.1674,-41.8341
63,-18.1674,-41.8341
64,-18.1674,-41.8341
65,-18.1674,-41.8341
66,-18.1674,-41.8341
67,-18.1674,-41.8341
68,-18.1674,-41.8341
69,-18.1674,-41.8341
70,-18.1674,-41.8341
71,-18.1674,-41.8341
72,-18.1674,-41.8341
73,-18.1674,-41.8341
74,-18.1674,-41.8341
75,-18.1674,-41.8341
76,-18.1674,-41.8341
77,-18.1674,-41.8341
78,-18.1674,-41.8341
79,-18.1674,-41.8341
80,-18.1674,-41.8341
81,-18.1674,-41.8341
82,-18.1674,-41.8341
83,-18.1674,-41.8341
84,-18.1674,-41.8341
85,-18.1674,-41.8341
86,-18.1674,-41.8341
87,-18.1674,-41.8341
88,-18.1674,-41.8341
89,-18.1674,-41.8341
90,-18.1674,-41.8341
91,-18.1674,-41.8341
92,-18.1674,-41.8341
93,-18.1674,-41.8341
94,-18.1674,-41.8341
95,-18.1674,-41.8341
96,-18.1674,-41.8341
97,-18.1674,-41.8341
98,-18.1674,-41.8341
99,-18.1674,-41.8341
100,-18.1674,-41.8341
