family,rep,model,ref,metric,delta_r2,delta,p,delta_top1_recall,p_holm,ceiling_moved
vs_rf,dft_chemberta2,gp,rf,r2,-0.05776755848887662,-0.05776755848887662,0.002162631280979998,,0.01081315640489999,
vs_rf,dft_chemberta2,gp,rf,top1_recall,,-0.08571428571428572,0.09930068321372679,-0.08571428571428572,0.9930068321372678,
vs_rf,dft_chemberta2,mean,rf,r2,-0.2005155272515462,-0.2005155272515462,5.38023642249212e-05,,0.0006456283706990544,
vs_rf,dft_chemberta2,mean,rf,top1_recall,,-0.27142857142857146,0.012208438223916094,-0.27142857142857146,0.13429282046307703,
vs_rf,dft_chemberta2,ridge,rf,r2,0.06451229268286189,0.06451229268286189,0.00019318314668095147,,0.0015454651734476117,
vs_rf,dft_chemberta2,ridge,rf,top1_recall,,-0.014285714285714296,0.8648425933000919,-0.014285714285714296,1.0,
vs_rf,dft_chemberta2,tabicl,rf,r2,0.09921531191559556,0.09921531191559556,0.0002207923863788384,,0.0015455467046518688,
vs_rf,dft_chemberta2,tabicl,rf,top1_recall,,-0.04285714285714287,0.5414697392755848,-0.04285714285714287,1.0,
vs_rf,dft_chemberta2,tabpfn,rf,r2,0.11038840684458213,0.11038840684458213,0.0001679386971483495,,0.0015114482743351456,
vs_rf,dft_chemberta2,tabpfn,rf,top1_recall,,0.014285714285714273,0.7395812342672977,0.014285714285714273,1.0,
vs_rf,dft_chemberta2,xgb,rf,r2,0.004863606812296828,0.004863606812296828,0.1968996596308297,,0.24902387944181958,
vs_rf,dft_chemberta2,xgb,rf,top1_recall,,-0.07142857142857144,0.210295383118347,-0.07142857142857144,1.0,
best_vs_others,dft_chemberta2,tabpfn,gp,r2,0.16815596533345875,0.16815596533345875,0.0004266181303527364,,0.0029183926335865627,
best_vs_others,dft_chemberta2,tabpfn,mean,r2,0.3109039340961283,0.3109039340961283,8.022397820105094e-05,,0.0009626877384126113,
best_vs_others,dft_chemberta2,tabpfn,rf,r2,0.11038840684458213,0.11038840684458213,0.0001679386971483495,,0.0016793869714834952,
best_vs_others,dft_chemberta2,tabpfn,ridge,r2,0.04587611416172024,0.04587611416172024,0.0009196591858905573,,0.004598295929452786,
best_vs_others,dft_chemberta2,tabpfn,tabicl,r2,0.011173094928986571,0.011173094928986571,0.007912085604799833,,0.015824171209599665,
best_vs_others,dft_chemberta2,tabpfn,xgb,r2,0.1055248000322853,0.1055248000322853,0.0003303212706698311,,0.002642570165358649,
vs_rf,dft_descriptors,gp,rf,r2,-0.01593753437178085,-0.01593753437178085,0.08300795981393987,,0.24902387944181958,
vs_rf,dft_descriptors,gp,rf,top1_recall,,-0.05714285714285714,0.22717687883017715,-0.05714285714285714,1.0,
vs_rf,dft_descriptors,mean,rf,r2,-0.267431112133234,-0.267431112133234,0.00010723575209874842,,0.0010723575209874842,
vs_rf,dft_descriptors,mean,rf,top1_recall,,-0.4714285714285714,0.002910810291414734,-0.4714285714285714,0.03492972349697681,
vs_rf,dft_descriptors,ridge,rf,r2,-0.06350263562113037,-0.06350263562113037,0.0030871952897317187,,0.012348781158926875,
vs_rf,dft_descriptors,ridge,rf,top1_recall,,0.02857142857142857,0.5414697392755852,0.02857142857142857,1.0,
vs_rf,dft_descriptors,tabicl,rf,r2,0.043724417955487496,0.043724417955487496,0.0015943983055172963,,0.009566389833103778,
vs_rf,dft_descriptors,tabicl,rf,top1_recall,,0.04285714285714287,0.5870496397870562,0.04285714285714287,1.0,
vs_rf,dft_descriptors,tabpfn,rf,r2,0.04989281731730331,0.04989281731730331,5.399835792570421e-05,,0.0006456283706990544,
vs_rf,dft_descriptors,tabpfn,rf,top1_recall,,0.08571428571428572,0.09930068321372679,0.08571428571428572,0.9930068321372678,
vs_rf,dft_descriptors,xgb,rf,r2,0.0028296106296878732,0.0028296106296878732,0.09701460344098224,,0.24902387944181958,
vs_rf,dft_descriptors,xgb,rf,top1_recall,,0.04285714285714287,0.17780780835622137,0.04285714285714287,1.0,
best_vs_others,dft_descriptors,tabpfn,gp,r2,0.06583035168908416,0.06583035168908416,0.0017460407163748994,,0.005238122149124698,
best_vs_others,dft_descriptors,tabpfn,mean,r2,0.31732392945053733,0.31732392945053733,3.609229186973596e-05,,0.0005335454105502316,
best_vs_others,dft_descriptors,tabpfn,rf,r2,0.04989281731730331,0.04989281731730331,5.399835792570421e-05,,0.0007019786530341548,
best_vs_others,dft_descriptors,tabpfn,ridge,r2,0.11339545293843367,0.11339545293843367,0.000416913233369509,,0.0029183926335865627,
best_vs_others,dft_descriptors,tabpfn,tabicl,r2,0.006168399361815813,0.006168399361815813,0.16473683521415208,,0.16473683521415208,
best_vs_others,dft_descriptors,tabpfn,xgb,r2,0.04706320668761543,0.04706320668761543,0.00020308084685727808,,0.0018277276217155028,
best_vs_others,dft_mordred,tabpfn,gp,r2,0.21600927976278417,0.21600927976278417,0.00012097267616377728,,0.00133069943780155,
best_vs_others,dft_mordred,tabpfn,mean,r2,0.3252964955275687,0.3252964955275687,3.5569694036682106e-05,,0.0005335454105502316,
best_vs_others,dft_mordred,tabpfn,ridge,r2,0.035114553947641805,0.035114553947641805,0.0012649939461043419,,0.005059975784417367,
across_reps,dft_descriptors,gp,dft_chemberta2,r2,0.10874560899878358,0.10874560899878358,0.006563864583628973,,0.05062182640784575,
across_reps,dft_descriptors,gp,dft_mordred,r2,0.14220636199666872,0.14220636199666872,0.0026917566268129627,,0.024225809641316664,
across_reps,dft_mordred,mean,dft_chemberta2,r2,0.0,0.0,1.0,,1.0,
across_reps,dft_mordred,mean,dft_descriptors,r2,0.0,0.0,1.0,,1.0,
across_reps,dft_descriptors,rf,dft_chemberta2,r2,0.0669155848816878,0.0669155848816878,0.006327728300980719,,0.05062182640784575,
across_reps,dft_mordred,ridge,dft_chemberta2,r2,0.025154121645518734,0.025154121645518734,0.0020350561446205438,,0.020350561446205437,
across_reps,dft_mordred,ridge,dft_descriptors,r2,0.08625346506782319,0.08625346506782319,0.00047045867484114893,,0.005175045423252638,
across_reps,dft_descriptors,tabicl,dft_chemberta2,r2,0.011424690921579739,0.011424690921579739,0.4704677407295015,,1.0,
across_reps,dft_mordred,tabpfn,dft_chemberta2,r2,0.014392561431440298,0.014392561431440298,0.05663042026326206,,0.2831521013163103,
across_reps,dft_mordred,tabpfn,dft_descriptors,r2,0.007972566077031317,0.007972566077031317,0.5716535430231243,,1.0,
across_reps,dft_descriptors,xgb,dft_chemberta2,r2,0.06488158869907885,0.06488158869907885,0.009667074197803596,,0.05800244518682157,
ceiling,,,,,,,,,,True
