model,rep,folds_ok,folds_total,cpu_minutes,r2_mean,r2_sd,rmse_mean,rmse_sd,mae_mean,mae_sd,spearman_mean,spearman_sd,top1_recall_mean,top1_recall_sd,tail_rmse_mean,tail_rmse_sd
chemprop,smiles,0,2,0.0,,,,,,,,,,,,
chemprop,smiles+dft_descriptors,0,4,0.0,,,,,,,,,,,,
gp,dft_chemberta2,5,5,200.7,0.14230380389508843,0.0061571980904029855,4.353531616648098,0.13532093875600948,3.2943618888506734,0.08001333154552576,0.4096575943348902,0.012785662483084275,0.22857142857142856,0.09313146293146642,7.867018582531583,0.14852346942846242
gp,dft_descriptors,5,5,169.1,0.251049412893872,0.034708226305664294,4.067523107792743,0.16169023714405487,3.089643798484971,0.10028220197602343,0.49297045529720973,0.02581750082709188,0.45714285714285713,0.06388765649999399,6.508606548865442,0.24271795116642642
gp,dft_mordred,5,5,504.9,0.1088430508972033,0.006915488612065504,4.4374471019816975,0.13038756469195606,3.386121166624136,0.07905407311509013,0.4244328992304154,0.02127269987984308,0.24285714285714288,0.12975644374703535,8.171803862238331,0.18724575603703222
mean,dft_chemberta2,5,5,0.0,-0.00044416486758116493,0.0006301947025714923,4.7020157405105,0.1500335020453932,3.635378184932602,0.091479263915878,,,0.04285714285714286,0.06388765649999399,8.894287747760158,0.20013699393002676
mean,dft_descriptors,5,5,0.0,-0.00044416486758116493,0.0006301947025714923,4.7020157405105,0.1500335020453932,3.635378184932602,0.091479263915878,,,0.04285714285714286,0.06388765649999399,8.894287747760158,0.20013699393002676
mean,dft_mordred,5,5,0.1,-0.00044416486758116493,0.0006301947025714923,4.7020157405105,0.1500335020453932,3.635378184932602,0.091479263915878,,,0.04285714285714286,0.06388765649999399,8.894287747760158,0.20013699393002676
outlier,dft_chemberta2,5,5,0.0,,,,,,,0.06009652239625485,0.02480306879740001,0.07142857142857142,0.07142857142857142,,
outlier,dft_descriptors,5,5,0.0,,,,,,,0.2262034068243383,0.029945824004203456,0.4428571428571429,0.127775312999988,,
outlier,dft_mordred,5,5,0.1,,,,,,,0.018422852317129892,0.04113179210793905,0.11428571428571428,0.09583148474999098,,
rf,dft_chemberta2,5,5,1144.4,0.20007136238396503,0.0160467734992872,4.20467843835314,0.1526101671337279,3.16200781686598,0.070062916775426,0.4735760584313226,0.009490546515857077,0.3142857142857143,0.063887656499994,7.306866873065056,0.2070458019026246
rf,dft_descriptors,5,5,67.4,0.26698694726565286,0.026014412791670733,4.0245206185271805,0.15358556028744239,3.0528969842768703,0.1032346702994845,0.5094566057832449,0.021585282600663017,0.5142857142857143,0.11736911946539275,6.595184258781056,0.1057731864735575
rf,dft_mordred,3,4,996.8,0.28103093459216166,0.025859204910466557,3.953053016481076,0.19316735044061698,2.9276556040621657,0.07268715139115411,0.5665623696744085,0.011517291890381582,0.21428571428571427,0.1889822365046136,6.890096602513151,0.2854056906026416
ridge,dft_chemberta2,5,5,1.2,0.2645836550668269,0.02123030964990547,4.031312531843696,0.14885285488468486,3.0049284682957866,0.0660211855420076,0.5443737045210171,0.02105593477682934,0.3,0.09313146293146642,6.771431401361761,0.1881531826347147
ridge,dft_descriptors,5,5,0.0,0.2034843116445225,0.023128542655738583,4.1949518877346,0.13793328674089064,3.2300144562905793,0.083407667695873,0.42727375599673323,0.01867657122903035,0.5428571428571429,0.08144110179279558,6.861955441119695,0.11021662831875183
ridge,dft_mordred,5,5,2.2,0.2897377767123457,0.019692529988060356,3.962104235105163,0.15580769342513315,2.933513974748678,0.07686223612788848,0.5720238329916072,0.016057699255001407,0.34285714285714286,0.10594569267279517,6.6418501398253795,0.26900390672268415
tabicl,dft_chemberta2,5,5,1011.0,0.2992866742995606,0.027166811056729624,3.9352857688886638,0.1688480484320277,2.8914518259103597,0.07758718924414904,0.5803241719409165,0.016075176148760473,0.2714285714285714,0.0931314629314664,6.748735102476081,0.26584156804942116
tabicl,dft_descriptors,5,5,176.4,0.31071136522114035,0.019357652638418228,3.9029219214296473,0.14691280395228598,2.950075279035833,0.08749437842742584,0.5525779044255594,0.017235744631266772,0.557142857142857,0.09313146293146644,6.17330965297253,0.10078596682066505
tabpfn,dft_chemberta2,5,5,799.2,0.3104597692285472,0.027830173723763767,3.9035765015264756,0.16403076002624067,2.8534224825008416,0.0633778099733434,0.5905555624407886,0.017641616963267083,0.32857142857142857,0.06388765649999399,6.524736257155235,0.2749313270383685
tabpfn,dft_descriptors,5,5,183.5,0.3168797645829562,0.02341866559527479,3.8853348285039075,0.15267899139277205,2.9327342798177622,0.08743733320082396,0.5572902121416501,0.017301538528586482,0.6,0.0814411017927956,6.067850600343714,0.1355966136944282
tabpfn,dft_mordred,5,5,82.8,0.3248523306599875,0.023586481338159267,3.8626697611961376,0.1544025304397598,2.8123024853659024,0.061565739424588456,0.6069589993929967,0.017496109705873775,0.32857142857142857,0.09583148474999098,6.41589859296562,0.22888291443943923
xgb,dft_chemberta2,5,5,172.0,0.20493496919626192,0.015684200432283465,4.192137339944717,0.16062728805367887,3.1526674408143314,0.07739225751173925,0.4780388955698262,0.009669674484956798,0.24285714285714283,0.063887656499994,7.259021368548022,0.23055188138130622
xgb,dft_descriptors,5,5,29.4,0.26981655789534076,0.0277269374784595,4.01669248672779,0.156246312426386,3.044019537490817,0.10552107914008056,0.5136067160436466,0.022245539523499447,0.5571428571428572,0.1373956004405096,6.490372121584022,0.16324503598053816
xgb,dft_mordred,4,4,810.9,0.28742302069149683,0.018116197572708936,3.9832956114729914,0.18224400623480816,2.942903389901349,0.08490636535545242,0.5715968037009759,0.010151205800076373,0.25,0.1700340102034012,6.869675142827221,0.18040600525198264
